customer_id,usage_gb,call_mins,complaints,plan_type,region,monthly_bill
1001,11.65,543.0,2,Prepaid,Delhi,382.79
1002,8.75,508.0,0,Prepaid,Mumbai,342.66
1003,8.36,547.0,2,Postpaid,Kolkata,403.22
1004,8.36,439.0,1,Prepaid,Delhi,209.56
1005,17.95,359.0,2,Prepaid,Kolkata,369.4
1006,13.06,158.0,2,Postpaid,Mumbai,415.71
1007,7.45,320.0,0,Prepaid,Mumbai,231.35
1008,11.88,249.0,1,Prepaid,Kolkata,255.99
1009,10.42,611.0,0,Postpaid,Delhi,416.53
1010,3.27,329.0,0,Prepaid,Chennai,205.66
1011,5.61,365.0,4,Postpaid,Chennai,498.5
1012,10.76,416.0,0,Prepaid,Kolkata,190.08
1013,17.21,355.0,0,Prepaid,Mumbai,292.92
1014,8.39,553.0,0,Prepaid,Delhi,285.27
1015,7.17,275.0,0,Prepaid,Delhi,174.64
1016,9.82,373.0,0,Prepaid,Mumbai,321.41
1017,6.97,261.0,0,Postpaid,Chennai,301.54
1018,8.13,192.0,0,Prepaid,Delhi,200.79
1019,9.28,277.0,0,Prepaid,Kolkata,250.88
1020,5.47,346.0,0,Prepaid,Chennai,188.31
1021,13.36,298.0,3,Postpaid,Kolkata,401.62
1022,4.99,267.0,0,Prepaid,Chennai,175.17
1023,4.69,181.0,1,Prepaid,Mumbai,243.9
1024,10.21,340.0,0,Prepaid,Kolkata,235.2
1025,12.9,169.0,0,Prepaid,Kolkata,202.14
1026,10.09,441.0,0,Prepaid,Mumbai,304.95
1027,8.84,360.0,0,Postpaid,Kolkata,348.49
1028,8.09,175.0,0,Prepaid,Chennai,178.31
1029,7.48,313.0,1,Prepaid,Delhi,257.42
1030,14.69,260.0,0,Prepaid,Delhi,299.35
1031,10.8,388.0,1,Postpaid,Mumbai,508.27
1032,7.77,511.0,0,Prepaid,Chennai,296.45
1033,6.7,125.0,1,Prepaid,Kolkata,253.99
1034,12.23,364.0,0,Prepaid,Kolkata,249.4
1035,14.53,331.0,0,Prepaid,Delhi,240.41
1036,13.96,431.0,0,Prepaid,Kolkata,299.37
1037,6.16,376.0,1,Prepaid,Delhi,257.77
1038,8.06,260.0,0,Prepaid,Mumbai,172.34
1039,7.41,312.0,1,Prepaid,Kolkata,243.67
1040,8.55,254.0,0,Prepaid,Chennai,234.17
1041,13.3,479.0,1,Prepaid,Kolkata,345.62
1042,16.5,353.0,0,Prepaid,Delhi,321.77
1043,10.98,578.0,0,Postpaid,Mumbai,434.08
1044,6.81,343.0,0,Postpaid,Delhi,321.8
1045,9.18,265.0,0,Postpaid,Kolkata,324.88
1046,17.86,168.0,1,Postpaid,Delhi,377.52
1047,9.71,134.0,0,Postpaid,Delhi,394.87
1048,8.1,160.0,0,Postpaid,Mumbai,316.34
1049,8.42,382.0,1,Prepaid,Chennai,263.77
1050,10.96,411.0,1,Postpaid,Kolkata,381.73
1051,6.26,160.0,1,Prepaid,Mumbai,328.51
1052,7.33,457.0,0,Prepaid,Chennai,206.11
1053,13.87,292.0,3,Postpaid,Delhi,461.21
1054,10.83,368.0,0,Prepaid,Chennai,275.87
1055,9.76,543.0,0,Prepaid,Delhi,309.69
1056,14.18,458.0,1,Postpaid,Delhi,492.36
1057,6.62,318.0,0,Prepaid,Mumbai,287.86
1058,7.99,243.0,1,Prepaid,Delhi,261.77
1059,10.67,92.0,1,Postpaid,Mumbai,310.52
1060,10.51,264.0,0,Postpaid,Chennai,345.6
1061,4.46,325.0,0,Prepaid,Chennai,211.99
1062,7.63,232.0,1,Prepaid,Delhi,319.17
1063,8.65,334.0,0,Prepaid,Mumbai,179.09
1064,11.19,359.0,1,Postpaid,Delhi,458.42
1065,10.49,323.0,1,Prepaid,Mumbai,284.72
1066,9.02,272.0,0,Prepaid,Mumbai,259.07
1067,3.26,370.0,1,Prepaid,Mumbai,225.0
1068,9.22,403.0,1,Prepaid,Chennai,249.66
1069,9.6,219.0,1,Postpaid,Mumbai,399.63
1070,24.53,519.0,1,Prepaid,Chennai,455.22
1071,8.53,338.0,0,Postpaid,Mumbai,393.72
1072,10.7,352.0,0,Prepaid,Chennai,254.47
1073,15.19,435.0,0,Postpaid,Kolkata,403.53
1074,12.97,378.0,1,Postpaid,Chennai,366.01
1075,16.8,464.0,2,Prepaid,Chennai,418.97
1076,4.49,384.0,0,Prepaid,Delhi,228.68
1077,5.67,277.0,0,Prepaid,Mumbai,161.13
1078,7.09,393.0,1,Postpaid,Kolkata,362.78
1079,4.11,213.0,0,Prepaid,Delhi,155.81
1080,9.63,363.0,1,Postpaid,Mumbai,339.32
1081,5.9,346.0,1,Postpaid,Kolkata,332.69
1082,17.76,325.0,1,Postpaid,Kolkata,410.73
1083,6.34,335.0,0,Postpaid,Kolkata,320.22
1084,8.01,124.0,1,Prepaid,Mumbai,188.33
1085,13.31,284.0,0,Prepaid,Kolkata,197.2
1086,4.96,361.0,0,Prepaid,Kolkata,291.78
1087,3.97,369.0,2,Postpaid,Delhi,434.66
1088,10.15,227.0,1,Postpaid,Chennai,344.44
1089,10.5,502.0,0,Postpaid,Mumbai,414.3
1090,13.14,246.0,0,Prepaid,Chennai,270.02
1091,11.77,466.0,0,Prepaid,Delhi,334.0
1092,10.68,401.0,0,Postpaid,Chennai,351.9
1093,6.69,272.0,1,Prepaid,Kolkata,280.6
1094,10.37,563.0,0,Prepaid,Kolkata,272.64
1095,10.66,207.0,0,Postpaid,Mumbai,292.25
1096,6.57,460.0,0,Prepaid,Mumbai,272.53
1097,19.94,470.0,1,Prepaid,Mumbai,434.15
1098,11.53,270.0,0,Prepaid,Delhi,348.76
1099,5.72,517.0,1,Prepaid,Mumbai,230.17
1100,13.16,320.0,0,Postpaid,Delhi,416.24
1101,14.14,385.0,0,Prepaid,Kolkata,272.73
1102,11.23,381.0,2,Prepaid,Chennai,356.37
1103,8.31,334.0,0,Prepaid,Kolkata,173.46
1104,6.44,447.0,1,Postpaid,Kolkata,339.41
1105,9.0,445.0,0,Prepaid,Kolkata,228.97
1106,10.89,140.0,0,Prepaid,Mumbai,217.28
1107,9.39,507.0,0,Prepaid,Mumbai,249.88
1108,17.13,151.0,0,Prepaid,Mumbai,292.6
1109,12.31,474.0,2,Prepaid,Chennai,393.36
1110,6.1,485.0,0,Postpaid,Mumbai,388.78
1111,5.43,219.0,0,Postpaid,Delhi,370.99
1112,11.58,301.0,0,Prepaid,Kolkata,268.47
1113,8.4,217.0,1,Prepaid,Chennai,190.92
1114,12.77,324.0,1,Postpaid,Chennai,470.5
1115,11.53,313.0,0,Prepaid,Chennai,229.63
1116,9.02,444.0,0,Postpaid,Chennai,416.38
1117,6.13,507.0,0,Prepaid,Chennai,312.39
1118,4.2,517.0,0,Postpaid,Delhi,374.27
1119,10.29,283.0,1,Postpaid,Kolkata,328.07
1120,4.92,325.0,1,Postpaid,Chennai,316.63
1121,6.01,148.0,0,Postpaid,Kolkata,349.59
1122,10.01,253.0,0,Prepaid,Mumbai,222.92
1123,9.59,466.0,1,Postpaid,Chennai,422.1
1124,5.21,544.0,1,Prepaid,Chennai,309.83
1125,14.84,202.0,1,Prepaid,Kolkata,315.97
1126,14.67,279.0,1,Postpaid,Chennai,433.31
1127,11.74,347.0,1,Postpaid,Chennai,403.97
1128,11.73,384.0,0,Postpaid,Chennai,377.13
1129,11.74,253.0,0,Prepaid,Delhi,277.84
1130,37.84,401.0,1,Postpaid,Delhi,654.06
1131,14.09,293.0,1,Postpaid,Chennai,410.03
1132,12.44,348.0,0,Prepaid,Delhi,311.4
1133,6.38,416.0,0,Prepaid,Mumbai,228.08
1134,8.35,351.0,3,Prepaid,Chennai,291.93
1135,23.33,298.0,1,Prepaid,Mumbai,344.88
1136,3.37,337.0,0,Postpaid,Kolkata,274.21
1137,7.44,339.0,3,Postpaid,Mumbai,425.42
1138,14.87,306.0,0,Postpaid,Kolkata,448.51
1139,6.57,319.0,0,Postpaid,Chennai,303.16
1140,12.59,542.0,1,Prepaid,Kolkata,345.66
1141,9.53,417.0,1,Postpaid,Kolkata,382.37
1142,6.79,315.0,2,Prepaid,Mumbai,265.91
1143,3.03,434.0,0,Postpaid,Mumbai,269.64
1144,10.16,310.0,0,Prepaid,Mumbai,233.46
1145,6.31,491.0,0,Postpaid,Chennai,359.93
1146,8.85,394.0,0,Prepaid,Chennai,270.21
1147,11.69,337.0,0,Prepaid,Mumbai,268.85
1148,13.6,404.0,2,Postpaid,Chennai,420.66
1149,7.43,161.0,0,Prepaid,Chennai,234.01
1150,6.79,215.0,1,Postpaid,Kolkata,354.73
1151,4.88,207.0,0,Prepaid,Kolkata,187.38
1152,13.89,367.0,0,Postpaid,Mumbai,403.15
1153,21.83,558.0,1,Prepaid,Chennai,394.53
1154,14.54,618.0,1,Prepaid,Kolkata,377.63
1155,15.95,427.0,0,Prepaid,Delhi,331.02
1156,6.6,410.0,0,Prepaid,Chennai,163.92
1157,11.39,134.0,0,Prepaid,Delhi,195.37
1158,13.1,285.0,1,Prepaid,Mumbai,280.6
1159,1.17,255.0,1,Prepaid,Chennai,199.61
1160,5.57,275.0,3,Prepaid,Mumbai,336.29
1161,18.31,330.0,0,Prepaid,Mumbai,280.61
1162,4.42,293.0,0,Postpaid,Mumbai,293.04
1163,17.05,112.0,1,Prepaid,Mumbai,267.3
1164,4.4,440.0,0,Prepaid,Mumbai,190.14
1165,5.7,221.0,3,Postpaid,Chennai,384.91
1166,11.48,379.0,1,Prepaid,Delhi,327.47
1167,9.64,599.0,0,Postpaid,Chennai,373.77
1168,7.77,240.0,0,Prepaid,Chennai,226.27
1169,18.0,50.0,0,Prepaid,Chennai,184.92
1170,4.94,316.0,0,Prepaid,Kolkata,179.27
1171,8.69,482.0,1,Postpaid,Kolkata,401.74
1172,12.11,585.0,1,Postpaid,Chennai,529.87
1173,10.6,202.0,0,Prepaid,Delhi,213.21
1174,6.89,410.0,0,Prepaid,Chennai,148.07
1175,7.01,294.0,0,Postpaid,Mumbai,253.92
1176,13.51,337.0,1,Prepaid,Kolkata,305.84
1177,13.78,667.0,0,Prepaid,Kolkata,367.19
1178,10.72,170.0,0,Postpaid,Chennai,353.78
1179,6.19,380.0,0,Postpaid,Chennai,351.22
1180,7.12,406.0,1,Prepaid,Delhi,313.65
1181,9.24,480.0,1,Postpaid,Delhi,397.34
1182,9.85,362.0,2,Postpaid,Mumbai,466.0
1183,11.9,387.0,2,Prepaid,Chennai,266.32
1184,8.49,303.0,0,Prepaid,Chennai,191.32
1185,13.37,382.0,0,Prepaid,Chennai,210.08
1186,13.31,309.0,2,Postpaid,Kolkata,436.29
1187,16.19,425.0,1,Postpaid,Mumbai,461.67
1188,9.42,306.0,0,Prepaid,Delhi,240.12
1189,10.81,395.0,1,Postpaid,Kolkata,416.96
1190,8.78,346.0,0,Prepaid,Kolkata,201.34
1191,6.23,485.0,1,Prepaid,Kolkata,268.23
1192,21.61,344.0,0,Prepaid,Kolkata,280.78
1193,15.28,137.0,1,Prepaid,Mumbai,333.17
1194,13.19,501.0,0,Postpaid,Chennai,412.57
1195,9.28,241.0,0,Prepaid,Delhi,201.88
1196,5.97,272.0,1,Postpaid,Delhi,414.72
1197,14.21,279.0,3,Prepaid,Kolkata,308.79
1198,8.71,515.0,1,Prepaid,Kolkata,256.66
1199,11.23,94.0,0,Postpaid,Mumbai,283.79
1200,7.1,727.0,0,Prepaid,Kolkata,298.49
1201,10.43,477.0,0,Prepaid,Delhi,295.11
1202,7.31,377.0,1,Prepaid,Delhi,292.47
1203,7.44,343.0,0,Postpaid,Chennai,450.0
1204,10.37,384.0,1,Prepaid,Chennai,198.78
1205,4.37,413.0,1,Prepaid,Delhi,270.91
1206,4.48,427.0,2,Prepaid,Delhi,257.95
1207,6.56,417.0,0,Prepaid,Mumbai,211.42
1208,8.44,361.0,0,Postpaid,Mumbai,333.93
1209,13.55,326.0,1,Prepaid,Delhi,266.25
1210,8.66,332.0,0,Prepaid,Kolkata,302.06
1211,9.25,327.0,0,Prepaid,Chennai,272.09
1212,8.14,486.0,0,Prepaid,Delhi,262.25
1213,10.8,421.0,0,Postpaid,Kolkata,443.64
1214,6.2,50.0,1,Prepaid,Delhi,128.1
1215,8.87,429.0,0,Postpaid,Chennai,322.53
1216,11.18,373.0,2,Prepaid,Chennai,235.92
1217,10.34,348.0,0,Prepaid,Mumbai,223.34
1218,9.39,303.0,0,Postpaid,Mumbai,361.19
1219,9.44,485.0,1,Prepaid,Mumbai,305.63
1220,11.65,464.0,2,Postpaid,Mumbai,470.97
1221,22.07,257.0,0,Postpaid,Chennai,390.52
1222,6.4,399.0,0,Prepaid,Kolkata,262.13
1223,22.35,233.0,0,Prepaid,Kolkata,333.99
1224,6.26,184.0,0,Postpaid,Kolkata,335.2
1225,2.84,275.0,2,Prepaid,Delhi,161.01
1226,7.24,453.0,1,Prepaid,Mumbai,289.98
1227,10.89,464.0,0,Prepaid,Mumbai,231.41
1228,20.01,412.0,0,Prepaid,Chennai,325.59
1229,5.96,437.0,2,Postpaid,Chennai,435.45
1230,11.62,412.0,0,Prepaid,Delhi,278.0
1231,4.71,273.0,0,Prepaid,Delhi,157.22
1232,19.69,402.0,1,Postpaid,Kolkata,487.17
1233,15.41,446.0,2,Prepaid,Chennai,310.22
1234,7.45,441.0,0,Prepaid,Mumbai,292.81
1235,3.72,493.0,0,Postpaid,Kolkata,339.15
1236,16.49,435.0,0,Prepaid,Mumbai,362.66
1237,8.85,392.0,0,Postpaid,Kolkata,347.14
1238,15.77,478.0,0,Postpaid,Mumbai,419.82
1239,9.36,347.0,1,Prepaid,Delhi,242.71
1240,9.54,244.0,0,Prepaid,Kolkata,259.17
1241,7.52,330.0,0,Prepaid,Mumbai,196.78
1242,12.29,261.0,0,Prepaid,Mumbai,275.3
1243,9.86,269.0,0,Postpaid,Chennai,336.38
1244,11.74,333.0,1,Postpaid,Kolkata,330.48
1245,4.15,255.0,0,Prepaid,Mumbai,160.39
1246,16.01,313.0,0,Postpaid,Chennai,362.52
1247,17.77,123.0,1,Postpaid,Mumbai,417.12
1248,9.84,376.0,0,Postpaid,Kolkata,325.3
1249,21.37,350.0,0,Prepaid,Delhi,377.0
1250,19.16,252.0,2,Prepaid,Kolkata,359.04
1251,12.41,429.0,3,Prepaid,Kolkata,366.98
1252,16.58,463.0,1,Postpaid,Mumbai,500.48
1253,14.69,157.0,1,Prepaid,Mumbai,316.48
1254,3.61,258.0,1,Prepaid,Kolkata,208.68
1255,8.22,258.0,2,Prepaid,Chennai,245.51
1256,12.79,237.0,1,Prepaid,Chennai,207.76
1257,18.29,450.0,1,Prepaid,Chennai,337.88
1258,4.55,327.0,0,Postpaid,Mumbai,296.11
1259,3.74,318.0,1,Prepaid,Mumbai,226.8
1260,9.1,110.0,1,Prepaid,Kolkata,209.99
1261,2.95,426.0,0,Prepaid,Delhi,235.32
1262,8.95,201.0,0,Prepaid,Mumbai,186.28
1263,11.01,357.0,1,Prepaid,Kolkata,286.2
1264,5.83,383.0,0,Prepaid,Kolkata,269.6
1265,9.07,513.0,0,Prepaid,Delhi,287.83
1266,14.1,193.0,0,Prepaid,Chennai,248.0
1267,7.22,50.0,2,Prepaid,Kolkata,202.68
1268,6.31,372.0,1,Prepaid,Kolkata,228.55
1269,8.88,566.0,1,Postpaid,Kolkata,399.22
1270,5.54,499.0,1,Postpaid,Chennai,371.48
1271,20.66,375.0,1,Prepaid,Chennai,399.51
1272,9.49,291.0,1,Prepaid,Delhi,254.24
1273,6.62,447.0,1,Postpaid,Mumbai,337.37
1274,10.29,233.0,1,Prepaid,Chennai,328.65
1275,8.86,407.0,1,Postpaid,Mumbai,414.08
1276,8.41,411.0,1,Postpaid,Mumbai,342.2
1277,7.22,477.0,0,Prepaid,Chennai,234.49
1278,7.06,681.0,0,Prepaid,Kolkata,296.12
1279,4.2,397.0,0,Postpaid,Delhi,400.18
1280,16.57,289.0,0,Prepaid,Mumbai,245.04
1281,12.05,347.0,0,Prepaid,Kolkata,303.84
1282,10.74,138.0,0,Prepaid,Chennai,268.5
1283,8.79,267.0,2,Prepaid,Mumbai,257.57
1284,5.78,301.0,0,Postpaid,Mumbai,314.34
1285,6.43,287.0,0,Postpaid,Mumbai,286.39
1286,4.44,368.0,0,Postpaid,Kolkata,319.98
1287,6.81,251.0,1,Prepaid,Kolkata,232.22
1288,5.4,485.0,0,Prepaid,Kolkata,265.59
1289,18.68,350.0,0,Prepaid,Mumbai,362.05
1290,13.68,349.0,0,Prepaid,Mumbai,248.32
1291,9.67,311.0,2,Prepaid,Delhi,219.87
1292,6.08,369.0,0,Postpaid,Delhi,340.59
1293,5.53,449.0,2,Postpaid,Kolkata,424.78
1294,8.53,246.0,0,Prepaid,Kolkata,226.42
1295,13.93,271.0,0,Postpaid,Chennai,371.57
1296,4.5,314.0,1,Prepaid,Kolkata,232.79
1297,11.98,188.0,0,Prepaid,Delhi,293.06
1298,6.8,252.0,1,Postpaid,Delhi,369.07
1299,7.38,293.0,1,Prepaid,Delhi,231.71
1300,9.54,455.0,0,Postpaid,Mumbai,366.31
1301,6.18,382.0,1,Postpaid,Mumbai,368.05
1302,8.34,373.0,1,Prepaid,Kolkata,335.79
1303,5.94,452.0,0,Postpaid,Chennai,349.59
1304,7.06,334.0,1,Prepaid,Chennai,251.49
1305,12.99,397.0,1,Prepaid,Chennai,293.03
1306,9.77,338.0,1,Prepaid,Mumbai,318.72
1307,12.97,382.0,0,Prepaid,Delhi,357.55
1308,6.75,280.0,2,Postpaid,Delhi,407.02
1309,12.02,57.0,0,Prepaid,Mumbai,209.87
1310,3.92,334.0,2,Postpaid,Chennai,378.63
1311,9.54,521.0,0,Prepaid,Chennai,184.15
1312,12.37,461.0,0,Prepaid,Kolkata,319.97
1313,3.84,466.0,1,Postpaid,Kolkata,378.29
1314,6.79,498.0,0,Prepaid,Chennai,270.05
1315,9.54,361.0,1,Prepaid,Mumbai,249.06
1316,14.39,374.0,0,Prepaid,Chennai,273.54
1317,7.06,276.0,0,Prepaid,Kolkata,194.24
1318,11.81,312.0,0,Prepaid,Chennai,296.74
1319,17.05,424.0,0,Postpaid,Mumbai,425.05
1320,12.06,494.0,0,Prepaid,Delhi,377.59
1321,8.48,333.0,0,Prepaid,Mumbai,250.67
1322,11.03,296.0,1,Postpaid,Mumbai,345.41
1323,6.96,350.0,1,Prepaid,Kolkata,249.54
1324,9.71,422.0,0,Postpaid,Mumbai,355.01
1325,8.68,177.0,0,Prepaid,Mumbai,116.06
1326,10.87,74.0,0,Prepaid,Kolkata,264.74
1327,7.66,284.0,0,Postpaid,Kolkata,365.21
1328,11.14,204.0,1,Prepaid,Delhi,280.25
1329,7.63,289.0,0,Postpaid,Chennai,344.46
1330,13.63,332.0,0,Prepaid,Mumbai,219.16
1331,7.99,296.0,1,Prepaid,Kolkata,232.78
1332,3.01,524.0,1,Prepaid,Delhi,291.55
1333,5.62,389.0,2,Prepaid,Chennai,239.71
1334,9.41,386.0,0,Postpaid,Kolkata,270.21
1335,18.61,425.0,0,Prepaid,Chennai,323.8
1336,13.39,213.0,0,Postpaid,Chennai,363.05
1337,2.67,475.0,2,Postpaid,Mumbai,400.78
1338,4.29,341.0,1,Prepaid,Mumbai,260.66
1339,15.2,430.0,0,Prepaid,Kolkata,332.1
1340,12.34,221.0,1,Postpaid,Chennai,402.27
1341,22.98,164.0,1,Postpaid,Kolkata,513.46
1342,7.49,448.0,0,Prepaid,Kolkata,187.76
1343,6.12,395.0,1,Prepaid,Chennai,277.14
1344,9.65,242.0,3,Prepaid,Kolkata,339.66
1345,7.42,246.0,1,Postpaid,Chennai,307.98
1346,14.57,485.0,0,Prepaid,Chennai,252.45
1347,7.3,207.0,0,Postpaid,Chennai,288.96
1348,8.22,547.0,1,Prepaid,Chennai,277.7
1349,5.71,242.0,0,Prepaid,Delhi,223.22
1350,13.0,427.0,0,Prepaid,Chennai,263.82
1351,5.89,311.0,1,Prepaid,Mumbai,204.07
1352,11.24,422.0,0,Prepaid,Mumbai,248.85
1353,20.02,285.0,2,Prepaid,Mumbai,420.91
1354,3.56,330.0,1,Prepaid,Chennai,224.0
1355,17.4,355.0,0,Prepaid,Mumbai,302.03
1356,10.6,230.0,1,Prepaid,Delhi,255.4
1357,5.27,439.0,2,Postpaid,Kolkata,460.64
1358,9.81,288.0,0,Prepaid,Chennai,205.11
1359,12.83,323.0,1,Prepaid,Mumbai,348.86
1360,6.32,231.0,1,Prepaid,Delhi,234.18
1361,11.52,50.0,0,Postpaid,Kolkata,314.74
1362,18.05,327.0,3,Prepaid,Delhi,498.84
1363,7.29,640.0,1,Postpaid,Mumbai,393.09
1364,5.68,444.0,1,Postpaid,Delhi,369.09
1365,8.8,348.0,1,Postpaid,Kolkata,339.7
1366,9.58,318.0,0,Prepaid,Mumbai,277.34
1367,14.9,353.0,1,Postpaid,Kolkata,506.37
1368,8.67,416.0,1,Prepaid,Delhi,348.36
1369,7.61,208.0,1,Prepaid,Chennai,280.44
1370,5.61,484.0,0,Postpaid,Chennai,352.78
1371,3.85,436.0,0,Prepaid,Chennai,202.39
1372,4.8,436.0,0,Postpaid,Chennai,277.75
1373,4.78,403.0,1,Prepaid,Kolkata,329.27
1374,8.26,352.0,0,Postpaid,Chennai,374.24
1375,4.23,431.0,1,Prepaid,Kolkata,229.36
1376,9.1,421.0,0,Prepaid,Mumbai,309.12
1377,19.82,308.0,1,Prepaid,Chennai,310.25
1378,15.1,281.0,0,Postpaid,Kolkata,412.26
1379,8.22,362.0,0,Prepaid,Chennai,230.25
1380,25.45,536.0,0,Prepaid,Chennai,435.35
1381,9.59,201.0,0,Prepaid,Chennai,213.38
1382,10.22,174.0,0,Postpaid,Kolkata,277.52
1383,8.72,370.0,1,Prepaid,Delhi,275.78
1384,9.19,356.0,0,Prepaid,Chennai,285.67
1385,7.18,371.0,0,Prepaid,Chennai,229.47
1386,8.27,379.0,0,Prepaid,Mumbai,271.96
1387,17.46,323.0,2,Prepaid,Delhi,321.46
1388,15.82,529.0,1,Prepaid,Kolkata,360.31
1389,2.94,158.0,1,Postpaid,Mumbai,279.14
1390,4.48,251.0,0,Prepaid,Chennai,214.92
1391,6.36,338.0,0,Prepaid,Mumbai,218.74
1392,13.99,153.0,1,Prepaid,Mumbai,299.12
1393,15.98,329.0,1,Postpaid,Chennai,486.15
1394,12.81,549.0,0,Postpaid,Delhi,458.94
1395,5.26,353.0,1,Postpaid,Delhi,372.6
1396,7.25,378.0,0,Prepaid,Mumbai,192.67
1397,11.61,199.0,2,Prepaid,Chennai,291.57
1398,8.33,276.0,1,Prepaid,Kolkata,229.52
1399,7.81,305.0,1,Prepaid,Mumbai,238.72
1400,7.86,312.0,0,Prepaid,Kolkata,209.3
1401,15.29,504.0,0,Postpaid,Mumbai,402.92
1402,12.14,417.0,0,Postpaid,Mumbai,321.23
1403,8.06,217.0,1,Postpaid,Chennai,330.15
1404,10.81,380.0,1,Prepaid,Chennai,299.22
1405,4.9,410.0,1,Postpaid,Kolkata,316.27
1406,7.25,487.0,1,Prepaid,Kolkata,285.03
1407,14.64,540.0,0,Prepaid,Delhi,400.13
1408,4.09,228.0,0,Postpaid,Chennai,338.24
1409,12.2,253.0,0,Prepaid,Mumbai,312.94
1410,2.92,199.0,2,Prepaid,Mumbai,237.81
1411,18.75,322.0,0,Prepaid,Delhi,360.1
1412,7.17,406.0,0,Postpaid,Chennai,328.6
1413,11.17,468.0,2,Postpaid,Mumbai,436.19
1414,9.84,341.0,0,Prepaid,Delhi,136.35
1415,10.0,312.0,1,Postpaid,Delhi,438.85
1416,10.73,368.0,0,Prepaid,Mumbai,320.05
1417,3.72,250.0,0,Prepaid,Mumbai,156.63
1418,10.09,601.0,0,Postpaid,Kolkata,409.76
1419,8.56,157.0,2,Postpaid,Chennai,348.73
1420,7.19,372.0,0,Postpaid,Kolkata,366.23
1421,6.36,593.0,0,Prepaid,Delhi,313.48
1422,10.21,351.0,1,Postpaid,Mumbai,331.17
1423,5.71,327.0,1,Postpaid,Kolkata,376.46
1424,14.52,307.0,0,Postpaid,Delhi,385.49
1425,11.53,328.0,0,Prepaid,Chennai,261.38
1426,10.48,515.0,0,Postpaid,Mumbai,424.2
1427,14.26,85.0,0,Prepaid,Kolkata,222.55
1428,3.43,534.0,0,Prepaid,Chennai,229.1
1429,4.82,179.0,1,Prepaid,Kolkata,194.8
1430,11.75,318.0,0,Prepaid,Delhi,295.41
1431,6.54,298.0,2,Prepaid,Chennai,287.67
1432,6.93,421.0,1,Postpaid,Kolkata,397.46
1433,4.48,158.0,0,Prepaid,Chennai,115.6
1434,5.72,405.0,0,Postpaid,Delhi,330.62
1435,14.67,593.0,1,Prepaid,Chennai,400.91
1436,11.63,186.0,0,Prepaid,Kolkata,230.75
1437,10.15,373.0,0,Prepaid,Delhi,281.18
1438,7.06,271.0,1,Prepaid,Mumbai,310.34
1439,9.87,401.0,1,Prepaid,Kolkata,329.7
1440,15.23,352.0,1,Prepaid,Kolkata,324.97
1441,6.61,273.0,1,Prepaid,Delhi,216.04
1442,9.18,409.0,1,Prepaid,Delhi,182.1
1443,19.26,567.0,0,Prepaid,Mumbai,359.74
1444,12.74,327.0,0,Prepaid,Kolkata,253.28
1445,7.11,436.0,0,Prepaid,Delhi,258.69
1446,12.29,195.0,0,Postpaid,Mumbai,350.16
1447,4.06,235.0,1,Postpaid,Mumbai,315.66
1448,9.02,407.0,0,Postpaid,Delhi,301.38
1449,12.28,528.0,0,Prepaid,Kolkata,265.24
1450,11.07,393.0,1,Postpaid,Chennai,435.23
1451,12.23,312.0,0,Postpaid,Chennai,447.88
1452,13.42,350.0,1,Postpaid,Mumbai,422.46
1453,11.46,200.0,0,Prepaid,Chennai,243.79
1454,11.32,423.0,0,Postpaid,Chennai,432.26
1455,10.26,456.0,0,Postpaid,Delhi,359.84
1456,5.4,296.0,1,Prepaid,Mumbai,246.07
1457,14.66,294.0,0,Postpaid,Kolkata,365.46
1458,9.16,382.0,1,Prepaid,Mumbai,313.27
1459,12.6,298.0,0,Prepaid,Delhi,265.46
1460,14.0,342.0,0,Prepaid,Chennai,291.34
1461,7.28,602.0,1,Postpaid,Kolkata,396.34
1462,7.58,320.0,0,Prepaid,Mumbai,251.92
1463,8.06,307.0,2,Prepaid,Chennai,368.27
1464,15.88,272.0,1,Prepaid,Mumbai,270.12
1465,5.98,439.0,0,Prepaid,Kolkata,221.05
1466,17.08,328.0,1,Prepaid,Mumbai,340.5
1467,10.21,272.0,0,Postpaid,Mumbai,386.54
1468,10.54,509.0,1,Postpaid,Mumbai,412.74
1469,13.73,520.0,0,Prepaid,Chennai,199.52
1470,9.69,278.0,1,Prepaid,Kolkata,316.49
1471,14.74,126.0,0,Prepaid,Kolkata,272.54
1472,7.27,471.0,0,Postpaid,Chennai,301.64
1473,16.84,268.0,1,Prepaid,Chennai,293.02
1474,7.54,445.0,0,Prepaid,Chennai,311.05
1475,17.13,114.0,1,Prepaid,Delhi,346.75
1476,7.63,457.0,1,Postpaid,Mumbai,438.99
1477,8.17,205.0,0,Postpaid,Mumbai,318.32
1478,5.63,438.0,1,Postpaid,Kolkata,384.96
1479,6.39,352.0,0,Postpaid,Mumbai,335.28
1480,9.18,236.0,2,Prepaid,Delhi,324.77
1481,10.38,301.0,0,Prepaid,Chennai,207.21
1482,14.26,432.0,0,Prepaid,Kolkata,267.25
1483,8.44,363.0,0,Prepaid,Kolkata,279.53
1484,5.27,420.0,0,Prepaid,Mumbai,223.39
1485,11.08,587.0,2,Prepaid,Kolkata,420.18
1486,10.07,162.0,0,Prepaid,Chennai,185.1
1487,11.63,544.0,0,Postpaid,Kolkata,418.65
1488,6.84,363.0,0,Postpaid,Chennai,309.42
1489,7.22,242.0,1,Postpaid,Delhi,355.45
1490,6.84,190.0,0,Postpaid,Delhi,252.58
1491,15.47,327.0,1,Prepaid,Chennai,298.65
1492,16.91,461.0,1,Postpaid,Mumbai,419.03
1493,7.08,335.0,2,Prepaid,Kolkata,310.4
1494,7.14,531.0,1,Postpaid,Mumbai,440.98
1495,12.34,176.0,0,Prepaid,Kolkata,163.71
1496,17.74,349.0,1,Postpaid,Delhi,514.08
1497,19.44,200.0,0,Prepaid,Delhi,394.42
1498,6.93,394.0,0,Prepaid,Delhi,235.08
1499,7.76,456.0,0,Postpaid,Kolkata,346.64
1500,10.62,300.0,0,Prepaid,Delhi,356.93
1501,10.85,50.0,0,Postpaid,Delhi,263.04
1502,8.59,374.0,1,Postpaid,Delhi,393.32
1503,6.29,402.0,0,Postpaid,Delhi,356.9
1504,9.19,399.0,1,Postpaid,Mumbai,456.13
1505,19.43,498.0,1,Postpaid,Delhi,518.43
1506,7.27,221.0,0,Prepaid,Delhi,181.41
1507,10.33,432.0,1,Postpaid,Mumbai,379.99
1508,25.06,493.0,0,Postpaid,Mumbai,504.41
1509,7.22,137.0,1,Postpaid,Kolkata,293.88
1510,12.6,388.0,0,Prepaid,Chennai,279.31
1511,19.8,289.0,0,Postpaid,Delhi,412.63
1512,12.12,340.0,0,Postpaid,Delhi,324.2
1513,14.99,392.0,0,Postpaid,Delhi,467.53
1514,13.35,292.0,0,Prepaid,Kolkata,244.29
1515,11.7,269.0,1,Prepaid,Delhi,225.67
1516,16.67,354.0,2,Prepaid,Chennai,356.43
1517,12.43,220.0,1,Postpaid,Mumbai,395.17
1518,8.63,220.0,0,Postpaid,Kolkata,262.18
1519,9.98,432.0,1,Prepaid,Mumbai,308.51
1520,11.02,212.0,1,Prepaid,Delhi,217.67
1521,7.73,430.0,1,Prepaid,Delhi,345.28
1522,10.18,406.0,2,Prepaid,Delhi,342.6
1523,9.54,143.0,1,Postpaid,Chennai,337.92
1524,12.41,269.0,0,Postpaid,Chennai,342.27
1525,22.15,493.0,0,Prepaid,Kolkata,370.6
1526,10.45,232.0,1,Prepaid,Mumbai,283.51
1527,17.94,294.0,1,Prepaid,Delhi,330.3
1528,12.21,405.0,2,Postpaid,Delhi,448.99
1529,10.16,444.0,1,Prepaid,Delhi,301.41
1530,7.53,320.0,1,Prepaid,Delhi,229.09
1531,10.2,278.0,0,Prepaid,Chennai,222.47
1532,9.92,521.0,0,Postpaid,Mumbai,319.13
1533,6.62,559.0,1,Postpaid,Mumbai,452.71
1534,7.12,467.0,0,Postpaid,Kolkata,381.31
1535,11.06,360.0,1,Prepaid,Chennai,258.54
1536,17.86,253.0,0,Prepaid,Delhi,368.43
1537,9.05,250.0,0,Prepaid,Mumbai,224.88
1538,4.37,413.0,0,Postpaid,Mumbai,295.11
1539,2.69,400.0,0,Prepaid,Chennai,234.79
1540,5.58,518.0,2,Prepaid,Kolkata,323.16
1541,12.74,428.0,0,Postpaid,Kolkata,422.3
1542,4.82,170.0,1,Postpaid,Delhi,304.53
1543,13.63,476.0,1,Prepaid,Kolkata,351.26
1544,12.43,230.0,1,Prepaid,Mumbai,263.97
1545,8.91,304.0,0,Prepaid,Kolkata,253.32
1546,4.17,380.0,1,Postpaid,Delhi,282.16
1547,6.65,589.0,1,Postpaid,Mumbai,402.65
1548,8.33,723.0,1,Prepaid,Kolkata,409.13
1549,10.94,423.0,0,Prepaid,Kolkata,240.44
1550,4.9,328.0,0,Postpaid,Chennai,299.65
1551,17.06,414.0,1,Postpaid,Delhi,450.36
1552,10.89,457.0,0,Prepaid,Kolkata,228.93
1553,11.45,312.0,0,Prepaid,Chennai,164.67
1554,12.39,565.0,1,Prepaid,Mumbai,331.9
1555,16.33,378.0,0,Prepaid,Chennai,310.67
1556,10.21,410.0,0,Postpaid,Chennai,380.58
1557,12.74,430.0,0,Postpaid,Kolkata,401.12
1558,6.71,401.0,0,Postpaid,Kolkata,354.6
1559,19.48,451.0,0,Prepaid,Kolkata,385.95
1560,9.9,276.0,0,Postpaid,Chennai,345.78
1561,6.69,283.0,0,Prepaid,Mumbai,186.16
1562,7.54,218.0,0,Prepaid,Delhi,191.67
1563,3.32,403.0,0,Prepaid,Chennai,229.33
1564,7.51,443.0,0,Prepaid,Kolkata,304.16
1565,2.29,405.0,1,Postpaid,Delhi,323.19
1566,13.16,551.0,0,Prepaid,Mumbai,318.44
1567,11.29,349.0,0,Prepaid,Delhi,272.65
1568,5.75,430.0,0,Prepaid,Kolkata,191.3
1569,9.13,219.0,1,Prepaid,Chennai,246.66
1570,9.32,304.0,1,Prepaid,Chennai,205.73
1571,5.17,433.0,1,Prepaid,Kolkata,186.2
1572,8.41,452.0,0,Postpaid,Chennai,391.35
1573,9.45,315.0,0,Prepaid,Kolkata,222.25
1574,8.31,341.0,0,Prepaid,Chennai,241.77
1575,6.69,168.0,0,Prepaid,Chennai,185.4
1576,5.64,307.0,1,Postpaid,Chennai,316.46
1577,8.17,457.0,2,Prepaid,Mumbai,313.95
1578,7.08,419.0,0,Prepaid,Mumbai,190.12
1579,12.03,410.0,0,Prepaid,Kolkata,332.88
1580,16.78,356.0,0,Prepaid,Mumbai,250.2
1581,13.93,351.0,0,Prepaid,Kolkata,272.81
1582,9.59,271.0,0,Postpaid,Delhi,308.23
1583,6.81,434.0,0,Postpaid,Delhi,383.1
1584,13.76,401.0,0,Prepaid,Mumbai,276.02
1585,12.36,409.0,3,Postpaid,Delhi,468.93
1586,16.26,287.0,0,Postpaid,Delhi,440.61
1587,10.21,92.0,1,Prepaid,Chennai,230.26
1588,19.02,482.0,0,Prepaid,Chennai,368.23
1589,10.21,293.0,1,Prepaid,Kolkata,230.03
1590,6.79,246.0,0,Prepaid,Delhi,146.33
1591,7.39,433.0,0,Postpaid,Kolkata,369.01
1592,11.78,303.0,0,Postpaid,Kolkata,361.09
1593,7.07,477.0,0,Postpaid,Delhi,396.02
1594,18.96,424.0,0,Postpaid,Mumbai,452.28
1595,11.35,432.0,0,Prepaid,Delhi,284.4
1596,9.5,186.0,0,Prepaid,Chennai,147.26
1597,9.86,495.0,2,Postpaid,Delhi,532.42
1598,8.26,381.0,0,Prepaid,Mumbai,234.71
1599,3.82,306.0,0,Postpaid,Kolkata,338.66
1600,7.4,367.0,0,Postpaid,Kolkata,318.16
1601,17.92,137.0,0,Postpaid,Chennai,402.08
1602,10.34,399.0,0,Postpaid,Chennai,329.41
1603,14.63,226.0,1,Prepaid,Chennai,309.32
1604,14.81,188.0,0,Postpaid,Kolkata,360.84
1605,9.17,167.0,0,Postpaid,Chennai,326.93
1606,12.44,484.0,1,Prepaid,Delhi,353.24
1607,4.04,274.0,0,Postpaid,Kolkata,256.82
1608,17.28,534.0,0,Prepaid,Mumbai,316.66
1609,16.66,286.0,2,Postpaid,Kolkata,487.77
1610,11.63,145.0,2,Prepaid,Delhi,364.97
1611,10.51,216.0,0,Prepaid,Delhi,220.76
1612,9.22,498.0,0,Prepaid,Chennai,296.01
1613,15.37,331.0,1,Postpaid,Kolkata,433.88
1614,13.08,284.0,1,Prepaid,Kolkata,368.13
1615,1.64,369.0,1,Prepaid,Kolkata,146.03
1616,7.85,410.0,1,Prepaid,Mumbai,277.58
1617,5.28,484.0,2,Postpaid,Chennai,353.02
1618,4.78,524.0,1,Prepaid,Delhi,171.78
1619,15.3,307.0,0,Prepaid,Delhi,294.7
1620,9.13,191.0,0,Postpaid,Chennai,335.82
1621,11.55,300.0,0,Prepaid,Delhi,240.01
1622,9.67,381.0,0,Postpaid,Delhi,368.31
1623,4.82,234.0,1,Prepaid,Chennai,338.29
1624,4.09,235.0,1,Postpaid,Delhi,318.39
1625,7.6,391.0,0,Prepaid,Kolkata,258.4
1626,7.91,344.0,0,Prepaid,Mumbai,205.11
1627,7.9,354.0,4,Postpaid,Chennai,484.81
1628,8.01,259.0,0,Prepaid,Mumbai,205.35
1629,21.49,322.0,1,Postpaid,Delhi,468.9
1630,14.53,239.0,0,Prepaid,Delhi,335.8
1631,10.4,457.0,0,Prepaid,Kolkata,320.69
1632,9.03,474.0,1,Prepaid,Chennai,301.51
1633,9.17,128.0,0,Postpaid,Delhi,225.79
1634,12.87,238.0,0,Prepaid,Chennai,235.12
1635,8.99,170.0,1,Prepaid,Chennai,343.04
1636,13.88,272.0,0,Prepaid,Chennai,255.21
1637,10.91,340.0,1,Prepaid,Chennai,328.41
1638,21.58,176.0,0,Prepaid,Chennai,364.52
1639,8.74,239.0,1,Postpaid,Mumbai,375.48
1640,14.99,230.0,0,Prepaid,Kolkata,231.25
1641,5.52,375.0,1,Postpaid,Chennai,270.75
1642,6.89,358.0,2,Prepaid,Mumbai,313.09
1643,20.29,263.0,0,Postpaid,Delhi,401.33
1644,13.62,371.0,0,Postpaid,Chennai,409.21
1645,11.64,284.0,0,Prepaid,Delhi,198.93
1646,24.04,317.0,0,Postpaid,Chennai,464.11
1647,9.09,551.0,1,Prepaid,Mumbai,313.27
1648,14.97,511.0,0,Postpaid,Mumbai,451.7
1649,15.46,194.0,0,Postpaid,Mumbai,336.89
1650,18.32,450.0,0,Prepaid,Kolkata,383.44
1651,5.2,447.0,0,Prepaid,Delhi,206.12
1652,9.06,212.0,1,Prepaid,Kolkata,176.9
1653,10.83,448.0,2,Prepaid,Chennai,330.88
1654,18.19,535.0,0,Prepaid,Delhi,352.9
1655,11.43,215.0,0,Prepaid,Mumbai,239.86
1656,15.47,240.0,1,Prepaid,Delhi,355.25
1657,4.97,472.0,0,Postpaid,Mumbai,343.7
1658,8.11,383.0,0,Prepaid,Kolkata,235.7
1659,16.63,416.0,1,Prepaid,Kolkata,301.11
1660,8.61,391.0,0,Postpaid,Mumbai,398.9
1661,9.4,397.0,1,Prepaid,Mumbai,290.97
1662,18.06,191.0,1,Prepaid,Chennai,294.88
1663,6.13,476.0,1,Prepaid,Kolkata,197.05
1664,6.84,490.0,2,Postpaid,Kolkata,489.5
1665,4.7,322.0,0,Postpaid,Chennai,271.89
1666,18.38,345.0,0,Prepaid,Kolkata,291.39
1667,14.41,166.0,0,Postpaid,Mumbai,381.81
1668,14.25,412.0,0,Prepaid,Delhi,247.54
1669,8.0,419.0,0,Postpaid,Delhi,307.06
1670,4.52,343.0,1,Postpaid,Kolkata,268.8
1671,3.88,485.0,0,Postpaid,Chennai,375.88
1672,16.68,310.0,1,Prepaid,Mumbai,302.63
1673,11.99,418.0,0,Prepaid,Delhi,395.61
1674,13.01,228.0,0,Prepaid,Mumbai,208.91
1675,10.6,347.0,0,Postpaid,Kolkata,336.34
1676,6.44,329.0,0,Prepaid,Kolkata,193.7
1677,8.17,377.0,0,Postpaid,Delhi,369.49
1678,5.68,306.0,0,Postpaid,Kolkata,306.83
1679,5.33,334.0,1,Prepaid,Chennai,262.93
1680,13.89,449.0,1,Postpaid,Kolkata,410.78
1681,4.06,298.0,2,Postpaid,Kolkata,315.82
1682,5.7,157.0,0,Postpaid,Kolkata,224.07
1683,8.4,560.0,1,Postpaid,Mumbai,339.26
1684,9.8,516.0,1,Postpaid,Mumbai,409.88
1685,4.67,195.0,3,Prepaid,Delhi,253.32
1686,4.0,433.0,0,Postpaid,Delhi,312.34
1687,11.37,290.0,1,Prepaid,Delhi,327.7
1688,10.33,382.0,0,Postpaid,Kolkata,427.16
1689,16.55,385.0,1,Postpaid,Mumbai,445.01
1690,9.87,322.0,0,Prepaid,Chennai,170.6
1691,11.88,256.0,0,Postpaid,Kolkata,342.57
1692,6.62,267.0,1,Prepaid,Kolkata,211.37
1693,6.75,240.0,1,Prepaid,Kolkata,204.71
1694,4.92,250.0,2,Prepaid,Chennai,220.45
1695,6.65,342.0,0,Postpaid,Delhi,314.46
1696,8.12,264.0,0,Postpaid,Chennai,321.3
1697,15.83,432.0,3,Postpaid,Delhi,496.62
1698,6.17,528.0,2,Prepaid,Chennai,322.29
1699,22.01,280.0,1,Postpaid,Mumbai,495.49
1700,12.35,379.0,0,Postpaid,Kolkata,357.17
1701,11.24,410.0,1,Prepaid,Kolkata,351.76
1702,9.52,407.0,1,Prepaid,Kolkata,247.36
1703,8.71,359.0,0,Prepaid,Delhi,175.77
1704,7.13,439.0,0,Postpaid,Chennai,379.07
1705,4.58,408.0,0,Postpaid,Mumbai,304.54
1706,6.27,201.0,1,Postpaid,Chennai,352.21
1707,18.36,454.0,0,Prepaid,Kolkata,240.53
1708,12.01,456.0,0,Postpaid,Mumbai,461.98
1709,18.28,258.0,0,Prepaid,Mumbai,323.73
1710,7.04,355.0,0,Prepaid,Kolkata,166.3
1711,5.6,432.0,2,Postpaid,Chennai,351.05
1712,9.48,325.0,3,Prepaid,Kolkata,396.73
1713,6.39,479.0,1,Postpaid,Chennai,366.42
1714,10.38,634.0,0,Prepaid,Mumbai,275.47
1715,4.1,256.0,0,Postpaid,Mumbai,212.36
1716,3.1,184.0,0,Prepaid,Kolkata,146.57
1717,11.04,386.0,0,Prepaid,Mumbai,255.41
1718,18.59,437.0,0,Prepaid,Delhi,363.74
1719,11.26,322.0,0,Prepaid,Mumbai,197.52
1720,11.96,524.0,2,Postpaid,Delhi,418.67
1721,9.67,189.0,3,Prepaid,Mumbai,322.2
1722,10.08,433.0,2,Postpaid,Kolkata,486.51
1723,4.46,277.0,0,Postpaid,Kolkata,247.23
1724,6.5,556.0,0,Prepaid,Delhi,305.46
1725,15.76,589.0,1,Prepaid,Kolkata,374.38
1726,5.36,258.0,0,Postpaid,Mumbai,357.15
1727,8.03,284.0,0,Postpaid,Mumbai,337.23
1728,15.62,453.0,2,Postpaid,Kolkata,393.67
1729,9.96,304.0,1,Prepaid,Mumbai,263.4
1730,10.19,345.0,1,Postpaid,Chennai,441.93
1731,8.06,353.0,2,Prepaid,Chennai,258.33
1732,12.74,120.0,1,Postpaid,Mumbai,359.4
1733,14.11,348.0,1,Postpaid,Kolkata,424.43
1734,6.33,267.0,1,Prepaid,Delhi,117.06
1735,4.68,291.0,1,Prepaid,Kolkata,291.49
1736,3.44,523.0,0,Prepaid,Delhi,195.06
1737,11.7,199.0,1,Prepaid,Kolkata,282.63
1738,11.11,448.0,1,Postpaid,Mumbai,424.01
1739,24.78,317.0,0,Prepaid,Chennai,410.94
1740,9.69,316.0,1,Prepaid,Kolkata,285.96
1741,8.91,445.0,0,Prepaid,Delhi,249.88
1742,10.54,391.0,1,Postpaid,Chennai,375.78
1743,10.79,418.0,1,Postpaid,Delhi,450.83
1744,8.6,466.0,2,Prepaid,Mumbai,246.06
1745,6.43,310.0,0,Prepaid,Chennai,238.28
1746,9.46,277.0,2,Postpaid,Delhi,366.12
1747,9.29,220.0,0,Postpaid,Kolkata,387.41
1748,9.23,251.0,2,Prepaid,Mumbai,289.49
1749,13.33,704.0,0,Prepaid,Mumbai,372.2
1750,9.38,499.0,1,Prepaid,Mumbai,307.12
1751,4.74,188.0,2,Prepaid,Kolkata,164.42
1752,6.94,191.0,0,Prepaid,Kolkata,158.29
1753,8.55,408.0,0,Postpaid,Chennai,395.9
1754,9.58,416.0,1,Prepaid,Kolkata,295.51
1755,11.81,416.0,1,Postpaid,Chennai,473.92
1756,9.61,319.0,0,Prepaid,Mumbai,255.81
1757,3.14,335.0,0,Postpaid,Chennai,272.45
1758,5.02,389.0,0,Postpaid,Delhi,305.12
1759,12.17,360.0,1,Prepaid,Mumbai,302.48
1760,8.44,84.0,0,Prepaid,Mumbai,90.76
1761,9.99,322.0,0,Postpaid,Chennai,430.26
1762,7.95,248.0,0,Prepaid,Mumbai,229.87
1763,6.93,371.0,0,Prepaid,Kolkata,277.72
1764,8.09,708.0,1,Prepaid,Delhi,272.1
1765,10.04,394.0,0,Postpaid,Chennai,427.9
1766,9.35,312.0,0,Prepaid,Chennai,325.46
1767,14.07,461.0,1,Postpaid,Mumbai,400.92
1768,4.28,408.0,0,Prepaid,Kolkata,245.7
1769,4.59,400.0,1,Postpaid,Mumbai,365.76
1770,8.4,423.0,0,Prepaid,Mumbai,189.02
1771,11.87,597.0,0,Postpaid,Chennai,453.08
1772,13.01,214.0,1,Prepaid,Mumbai,309.22
1773,7.06,407.0,1,Postpaid,Delhi,362.83
1774,2.02,239.0,0,Postpaid,Mumbai,329.6
1775,7.17,417.0,0,Prepaid,Mumbai,173.09
1776,11.13,240.0,0,Prepaid,Chennai,176.25
1777,9.27,300.0,1,Prepaid,Mumbai,268.62
1778,12.07,315.0,0,Prepaid,Kolkata,259.58
1779,15.52,467.0,2,Postpaid,Chennai,467.9
1780,8.67,460.0,1,Prepaid,Mumbai,322.74
1781,7.55,201.0,0,Prepaid,Delhi,220.84
1782,6.01,357.0,0,Postpaid,Delhi,372.81
1783,4.57,265.0,0,Prepaid,Chennai,183.63
1784,3.95,199.0,0,Prepaid,Chennai,194.5
1785,6.73,324.0,0,Prepaid,Mumbai,199.81
1786,14.59,313.0,3,Postpaid,Kolkata,570.47
1787,12.58,641.0,0,Postpaid,Mumbai,415.34
1788,7.38,402.0,0,Postpaid,Delhi,442.65
1789,22.1,185.0,2,Prepaid,Kolkata,374.2
1790,6.95,282.0,0,Postpaid,Kolkata,275.98
1791,16.16,473.0,0,Prepaid,Kolkata,377.6
1792,17.84,601.0,0,Prepaid,Mumbai,366.96
1793,11.47,160.0,0,Prepaid,Delhi,256.8
1794,6.7,124.0,1,Prepaid,Chennai,256.35
1795,7.84,575.0,0,Prepaid,Mumbai,290.24
1796,10.15,397.0,0,Prepaid,Chennai,235.91
1797,4.64,246.0,1,Prepaid,Kolkata,254.35
1798,5.73,414.0,0,Prepaid,Kolkata,227.67
1799,5.5,50.0,0,Postpaid,Mumbai,300.43
1800,11.85,350.0,0,Prepaid,Delhi,177.65
1801,15.45,389.0,0,Postpaid,Kolkata,438.28
1802,12.8,461.0,1,Prepaid,Chennai,298.06
1803,14.33,228.0,0,Postpaid,Chennai,445.37
1804,6.43,360.0,1,Prepaid,Mumbai,277.36
1805,8.01,239.0,2,Prepaid,Chennai,280.47
1806,8.29,381.0,1,Prepaid,Delhi,290.97
1807,11.44,243.0,1,Postpaid,Kolkata,349.18
1808,6.82,301.0,2,Postpaid,Chennai,458.69
1809,13.94,231.0,0,Prepaid,Chennai,336.37
1810,17.62,428.0,2,Prepaid,Kolkata,401.28
1811,11.7,453.0,1,Postpaid,Mumbai,496.82
1812,7.84,322.0,0,Postpaid,Chennai,323.35
1813,6.16,355.0,0,Prepaid,Mumbai,187.4
1814,5.51,176.0,0,Prepaid,Mumbai,179.92
1815,3.15,314.0,1,Prepaid,Chennai,234.4
1816,8.41,344.0,1,Postpaid,Delhi,369.32
1817,8.19,664.0,0,Prepaid,Mumbai,318.83
1818,13.57,217.0,0,Postpaid,Chennai,383.22
1819,7.03,526.0,0,Prepaid,Mumbai,220.51
1820,8.63,470.0,0,Prepaid,Kolkata,282.79
1821,10.61,384.0,0,Prepaid,Delhi,295.22
1822,11.62,561.0,1,Postpaid,Delhi,461.02
1823,12.88,395.0,0,Postpaid,Kolkata,447.15
1824,10.14,397.0,0,Prepaid,Kolkata,210.82
1825,4.78,344.0,2,Postpaid,Mumbai,404.76
1826,11.17,497.0,0,Prepaid,Kolkata,240.95
1827,6.79,482.0,0,Prepaid,Delhi,205.16
1828,15.77,275.0,1,Prepaid,Kolkata,284.92
1829,9.43,192.0,0,Prepaid,Chennai,175.16
1830,10.41,326.0,0,Prepaid,Chennai,225.56
1831,25.69,254.0,0,Postpaid,Mumbai,466.75
1832,12.98,342.0,0,Prepaid,Delhi,304.73
1833,11.08,498.0,1,Postpaid,Chennai,424.39
1834,8.75,295.0,1,Prepaid,Kolkata,194.57
1835,4.98,345.0,0,Postpaid,Chennai,373.44
1836,8.46,357.0,1,Prepaid,Chennai,234.6
1837,6.12,452.0,1,Prepaid,Mumbai,266.01
1838,18.57,80.0,0,Prepaid,Kolkata,281.42
1839,11.14,277.0,1,Prepaid,Kolkata,281.5
1840,15.52,375.0,1,Postpaid,Kolkata,491.93
1841,6.94,494.0,1,Prepaid,Mumbai,302.48
1842,6.34,291.0,0,Postpaid,Kolkata,293.47
1843,12.42,125.0,3,Prepaid,Kolkata,400.5
1844,6.0,424.0,1,Prepaid,Chennai,269.57
1845,7.57,274.0,0,Prepaid,Chennai,208.47
1846,18.96,207.0,0,Postpaid,Kolkata,450.64
1847,7.71,275.0,0,Postpaid,Delhi,345.66
1848,4.45,328.0,0,Prepaid,Delhi,216.17
1849,3.61,277.0,0,Prepaid,Kolkata,282.97
1850,4.17,85.0,0,Prepaid,Delhi,138.36
1851,15.92,458.0,1,Postpaid,Mumbai,455.25
1852,7.15,503.0,0,Postpaid,Chennai,381.46
1853,25.32,428.0,0,Prepaid,Mumbai,430.02
1854,17.71,213.0,2,Prepaid,Chennai,283.02
1855,20.96,326.0,0,Prepaid,Delhi,253.26
1856,14.49,349.0,0,Postpaid,Delhi,381.24
1857,12.13,422.0,0,Prepaid,Kolkata,215.08
1858,6.23,430.0,0,Postpaid,Delhi,337.85
1859,9.32,262.0,0,Prepaid,Delhi,246.06
1860,12.68,360.0,0,Postpaid,Kolkata,356.81
1861,14.1,405.0,0,Postpaid,Kolkata,355.73
1862,5.22,525.0,2,Postpaid,Chennai,428.53
1863,8.52,435.0,0,Postpaid,Delhi,408.66
1864,8.98,445.0,0,Postpaid,Chennai,312.04
1865,8.82,360.0,0,Prepaid,Chennai,274.37
1866,5.57,519.0,1,Prepaid,Mumbai,310.05
1867,19.85,399.0,1,Prepaid,Delhi,405.76
1868,8.39,247.0,1,Postpaid,Delhi,414.26
1869,5.77,518.0,1,Prepaid,Mumbai,366.84
1870,20.07,434.0,1,Postpaid,Chennai,482.12
1871,17.71,297.0,0,Postpaid,Delhi,424.46
1872,9.96,292.0,3,Prepaid,Chennai,310.42
1873,3.59,386.0,1,Prepaid,Mumbai,235.0
1874,7.46,406.0,0,Prepaid,Kolkata,301.19
1875,4.0,374.0,0,Prepaid,Chennai,152.0
1876,11.73,387.0,1,Prepaid,Delhi,265.8
1877,7.22,554.0,0,Prepaid,Kolkata,322.65
1878,9.21,479.0,1,Postpaid,Chennai,459.28
1879,19.28,373.0,0,Postpaid,Chennai,433.31
1880,6.97,463.0,0,Prepaid,Kolkata,281.54
1881,11.51,226.0,0,Prepaid,Kolkata,249.93
1882,13.05,398.0,0,Prepaid,Kolkata,343.01
1883,15.7,567.0,0,Postpaid,Delhi,460.98
1884,8.91,324.0,1,Postpaid,Delhi,426.11
1885,8.48,248.0,1,Prepaid,Chennai,352.12
1886,8.39,272.0,1,Prepaid,Chennai,274.44
1887,11.01,219.0,0,Postpaid,Mumbai,352.85
1888,17.38,256.0,1,Postpaid,Delhi,468.14
1889,8.21,306.0,0,Prepaid,Chennai,211.27
1890,2.29,181.0,1,Postpaid,Kolkata,399.04
1891,13.7,352.0,1,Prepaid,Kolkata,316.2
1892,9.63,458.0,1,Prepaid,Delhi,286.72
1893,11.74,241.0,0,Postpaid,Kolkata,327.69
1894,4.08,532.0,1,Postpaid,Mumbai,431.93
1895,7.23,411.0,0,Prepaid,Chennai,273.73
1896,13.2,474.0,0,Postpaid,Chennai,399.51
1897,4.9,271.0,0,Prepaid,Chennai,215.46
1898,11.5,453.0,0,Postpaid,Delhi,341.26
1899,9.18,219.0,0,Prepaid,Kolkata,223.64
1900,6.51,457.0,1,Postpaid,Mumbai,410.59
1901,6.25,371.0,0,Postpaid,Delhi,411.49
1902,5.6,416.0,0,Prepaid,Chennai,196.17
1903,9.6,209.0,0,Postpaid,Mumbai,286.47
1904,10.12,243.0,1,Postpaid,Chennai,342.74
1905,7.84,422.0,1,Postpaid,Chennai,342.66
1906,5.43,236.0,1,Prepaid,Delhi,273.11
1907,11.35,406.0,1,Postpaid,Chennai,482.95
1908,13.81,186.0,0,Postpaid,Mumbai,379.49
1909,12.27,452.0,0,Prepaid,Chennai,336.41
1910,21.34,202.0,0,Postpaid,Kolkata,435.48
1911,8.57,416.0,1,Prepaid,Chennai,276.96
1912,16.62,425.0,0,Prepaid,Delhi,303.64
1913,6.81,266.0,1,Prepaid,Mumbai,224.26
1914,6.29,420.0,2,Prepaid,Delhi,231.41
1915,9.87,381.0,1,Postpaid,Kolkata,414.73
1916,18.26,285.0,0,Prepaid,Chennai,300.47
1917,8.13,229.0,0,Postpaid,Delhi,359.65
1918,4.08,114.0,0,Prepaid,Delhi,158.18
1919,13.69,392.0,2,Prepaid,Delhi,340.41
1920,9.0,162.0,0,Prepaid,Delhi,168.55
1921,10.68,361.0,1,Prepaid,Kolkata,289.53
1922,6.45,318.0,0,Postpaid,Kolkata,363.73
1923,9.83,431.0,0,Postpaid,Chennai,338.11
1924,4.4,314.0,1,Postpaid,Chennai,350.5
1925,19.99,310.0,2,Prepaid,Mumbai,390.24
1926,14.82,438.0,0,Prepaid,Kolkata,276.44
1927,9.63,390.0,1,Prepaid,Delhi,260.53
1928,13.52,388.0,2,Prepaid,Delhi,353.98
1929,6.82,406.0,2,Prepaid,Mumbai,249.42
1930,14.53,166.0,0,Postpaid,Delhi,382.44
1931,7.96,441.0,0,Prepaid,Mumbai,215.07
1932,7.7,423.0,0,Postpaid,Chennai,407.71
1933,5.79,228.0,1,Prepaid,Kolkata,314.43
1934,11.29,321.0,1,Prepaid,Mumbai,249.09
1935,9.44,345.0,1,Postpaid,Delhi,414.89
1936,16.86,334.0,1,Prepaid,Mumbai,301.61
1937,5.45,390.0,0,Postpaid,Chennai,382.24
1938,11.31,522.0,0,Postpaid,Delhi,363.27
1939,15.46,480.0,1,Prepaid,Chennai,367.9
1940,25.59,193.0,0,Postpaid,Chennai,427.4
1941,10.2,425.0,3,Prepaid,Mumbai,347.32
1942,7.89,509.0,0,Prepaid,Chennai,222.68
1943,10.08,396.0,1,Postpaid,Delhi,441.73
1944,16.26,481.0,1,Prepaid,Chennai,321.8
1945,16.26,591.0,0,Postpaid,Chennai,489.36
1946,8.83,473.0,0,Postpaid,Mumbai,370.48
1947,16.13,380.0,0,Postpaid,Chennai,419.46
1948,9.23,475.0,0,Prepaid,Kolkata,273.75
1949,13.46,367.0,0,Prepaid,Mumbai,249.61
1950,11.9,353.0,1,Postpaid,Mumbai,423.21
1951,7.74,308.0,2,Prepaid,Delhi,343.73
1952,5.89,538.0,0,Prepaid,Delhi,222.6
1953,15.64,252.0,1,Prepaid,Delhi,351.39
1954,17.57,534.0,3,Prepaid,Delhi,496.28
1955,11.19,410.0,0,Prepaid,Kolkata,237.87
1956,9.23,182.0,1,Postpaid,Mumbai,301.04
1957,5.11,394.0,1,Postpaid,Chennai,380.76
1958,15.46,98.0,0,Prepaid,Delhi,220.38
1959,10.61,425.0,1,Prepaid,Delhi,373.62
1960,8.26,456.0,0,Prepaid,Delhi,257.67
1961,13.63,279.0,0,Postpaid,Chennai,351.75
1962,4.64,365.0,1,Prepaid,Delhi,193.23
1963,5.64,584.0,1,Postpaid,Chennai,454.52
1964,6.7,289.0,2,Prepaid,Mumbai,247.55
1965,11.73,223.0,0,Postpaid,Mumbai,359.19
1966,10.13,528.0,0,Prepaid,Mumbai,323.87
1967,12.35,586.0,1,Postpaid,Kolkata,445.63
1968,15.0,350.0,1,Prepaid,Chennai,317.16
1969,12.55,471.0,0,Postpaid,Delhi,412.94
1970,20.18,511.0,0,Prepaid,Delhi,389.97
1971,14.98,261.0,0,Postpaid,Delhi,414.67
1972,8.82,292.0,1,Postpaid,Delhi,369.16
1973,7.21,498.0,1,Prepaid,Kolkata,288.83
1974,8.95,552.0,3,Postpaid,Delhi,476.13
1975,12.75,418.0,0,Prepaid,Kolkata,225.5
1976,7.58,244.0,0,Prepaid,Chennai,218.74
1977,12.9,588.0,1,Prepaid,Mumbai,425.49
1978,12.25,286.0,0,Prepaid,Delhi,218.85
1979,5.85,310.0,0,Postpaid,Mumbai,296.88
1980,14.86,391.0,1,Postpaid,Chennai,411.25
1981,11.01,536.0,0,Prepaid,Chennai,323.26
1982,19.74,452.0,0,Prepaid,Delhi,365.26
1983,9.25,400.0,2,Postpaid,Chennai,426.66
1984,8.08,406.0,2,Postpaid,Mumbai,388.12
1985,5.48,355.0,0,Prepaid,Delhi,217.54
1986,5.44,417.0,1,Postpaid,Kolkata,313.34
1987,14.07,50.0,1,Prepaid,Delhi,257.3
1988,18.85,314.0,0,Prepaid,Mumbai,347.46
1989,8.89,379.0,0,Postpaid,Delhi,315.87
1990,8.62,212.0,0,Prepaid,Delhi,149.06
1991,9.64,396.0,0,Prepaid,Mumbai,318.5
1992,15.31,325.0,1,Prepaid,Delhi,292.01
1993,5.87,561.0,0,Postpaid,Delhi,423.6
1994,10.4,539.0,0,Postpaid,Mumbai,403.84
1995,14.21,294.0,1,Prepaid,Chennai,295.0
1996,11.67,332.0,0,Prepaid,Mumbai,276.3
1997,1.85,341.0,1,Prepaid,Delhi,176.64
1998,12.58,296.0,2,Prepaid,Kolkata,324.14
1999,11.72,373.0,0,Prepaid,Kolkata,252.1
2000,16.62,259.0,1,Postpaid,Mumbai,380.94
